id,source,name,location,column_count,sample_record_count,description,owner,is_sensitive,last_modified,raw_schema_for_ai,raw_query,csv_path,pg_mocked_sample_data,created_at,updated_at
hive-table-1,Hive,customer_data,prod_db.sales_schema.customer_data,12,1500000,"Contains detailed information about customers, including demographics and purchase history. Updated nightly.","Sales Team",TRUE,2024-05-20T10:00:00Z,"customer_id:INT, first_name:STRING, last_name:STRING, email:STRING, registration_date:TIMESTAMP, total_spent:DECIMAL, last_purchase_date:DATE, country:STRING, city:STRING, zip_code:STRING, is_active:BOOLEAN, notes:STRING","SELECT * FROM prod_db.sales_schema.customer_data LIMIT 100;","/sample_data/customer_data.csv","[{""customer_id"":1,""first_name"":""John"",""email"":""john.doe@example.com"",""total_spent"":125.50,""country"":""USA""},{""customer_id"":2,""first_name"":""Jane"",""email"":""jane.smith@example.com"",""total_spent"":250.75,""country"":""Canada""},{""customer_id"":3,""first_name"":""Alice"",""email"":""alice.w@example.com"",""total_spent"":99.00,""country"":""UK""}]",2024-05-20T10:00:00Z,2024-05-20T10:00:00Z
adls-file-2,ADLS,product_catalog_latest.parquet,datalake-bronze/product_data/product_catalog_latest.parquet,8,5000,"Parquet file containing the latest product catalog information, including pricing and stock levels.","Supply Chain Team",FALSE,2024-05-21T14:30:00Z,"product_id:BIGINT, product_name:STRING, category:STRING, price:DOUBLE, stock_quantity:INT, supplier_id:INT, date_added:DATE, is_discontinued:BOOLEAN","-- ADLS query depends on access method (e.g., SparkSQL, Pandas)\n-- Example: spark.read.parquet(""abfss://container@account.dfs.core.windows.net/path/to/product_catalog_latest.parquet"").limit(100).show()","/sample_data/product_catalog_latest.csv","[{""product_id"":101,""product_name"":""SuperWidget"",""category"":""Widgets"",""price"":19.99,""stock_quantity"":150},{""product_id"":102,""product_name"":""MegaGadget"",""category"":""Gadgets"",""price"":49.50,""stock_quantity"":75}]",2024-05-21T14:30:00Z,2024-05-21T14:30:00Z
snowflake-view-3,Snowflake,vw_monthly_sales_summary,REPORTING_DB.FINANCE_VIEWS.vw_monthly_sales_summary,5,,"View summarizing monthly sales figures, aggregated by product category and region.","Finance Department",FALSE,2024-05-22T09:00:00Z,"sales_month:DATE, product_category:VARCHAR, region:VARCHAR, total_sales_amount:NUMBER, transaction_count:INTEGER","SELECT * FROM REPORTING_DB.FINANCE_VIEWS.vw_monthly_sales_summary ORDER BY sales_month DESC LIMIT 100;","/sample_data/vw_monthly_sales_summary.csv","[{""sales_month"":""2024-04-01"",""product_category"":""Electronics"",""region"":""North America"",""total_sales_amount"":120500.75,""transaction_count"":850},{""sales_month"":""2024-04-01"",""product_category"":""Books"",""region"":""Europe"",""total_sales_amount"":45200.00,""transaction_count"":1200}]",2024-05-22T09:00:00Z,2024-05-22T09:00:00Z
hive-logs-4,Hive,application_logs_raw,staging_db.logs.application_logs_raw,7,10000000,"Raw application logs collected for debugging and analysis. Partitioned by date.","DevOps Team",FALSE,2024-05-23T00:00:00Z,"log_timestamp:TIMESTAMP, service_name:STRING, log_level:STRING, thread_id:STRING, message:STRING, exception_details:STRING, dt:DATE","SELECT * FROM staging_db.logs.application_logs_raw WHERE dt = '2024-05-22' LIMIT 100;","/sample_data/application_logs_raw.csv","[{""log_timestamp"": ""2024-05-23T10:00:05Z"", ""service_name"": ""auth-service"", ""log_level"": ""INFO"", ""message"": ""User login successful"", ""exception_details"": null, ""dt"": ""2024-05-23""},{""log_timestamp"": ""2024-05-23T10:01:15Z"", ""service_name"": ""payment-service"", ""log_level"": ""ERROR"", ""message"": ""Payment processing failed"", ""exception_details"": ""TimeoutException"", ""dt"": ""2024-05-23""}]",2024-05-23T00:00:00Z,2024-05-23T00:00:00Z
adls-images-5,ADLS,marketing_campaign_images,"datalake-gold/marketing/campaign_assets/images/",0,,"Directory containing images used in various marketing campaigns. Files are JPEGs and PNGs.","Marketing Team",FALSE,2024-05-15T12:00:00Z,"file_name:STRING, file_type:STRING, size_kb:INT, upload_date:TIMESTAMP (schema inferred for listing, not content)","-- List files in ADLS directory: dbutils.fs.ls(""abfss://container@account.dfs.core.windows.net/path/to/images/"")","/sample_data/marketing_campaign_images.csv","[{""file_name"": ""summer_promo_banner.jpg"", ""file_type"": ""JPEG"", ""size_kb"": 1200, ""upload_date"": ""2024-05-10T09:30:00Z""},{""file_name"": ""logo_variant_dark.png"", ""file_type"": ""PNG"", ""size_kb"": 55, ""upload_date"": ""2024-04-20T15:00:00Z""}]",2024-05-15T12:00:00Z,2024-05-15T12:00:00Z
hive-orders-base,Hive,orders_table,prod_db.sales_schema.orders_table,10,5000000,"Base table for all customer orders.","Sales Team",TRUE,2024-05-19T08:00:00Z,"order_id:INT, customer_id:INT, order_date:DATE, total_amount:DECIMAL, status:STRING","SELECT * FROM prod_db.sales_schema.orders_table LIMIT 100;","/sample_data/orders_table.csv","[]",2024-05-19T08:00:00Z,2024-05-19T08:00:00Z
hive-events-raw,Hive,raw_events,staging_db.logs.raw_events,5,25000000,"Raw event stream data.","Data Platform",FALSE,2024-05-23T00:00:00Z,"event_id:STRING, event_type:STRING, timestamp:TIMESTAMP, user_id:STRING, payload:JSON","SELECT * FROM staging_db.logs.raw_events LIMIT 100;","/sample_data/raw_events.csv","[]",2024-05-23T00:00:00Z,2024-05-23T00:00:00Z
snowflake-daily-sales,Snowflake,vw_daily_sales,REPORTING_DB.SALES_VIEWS.vw_daily_sales,6,,"Daily sales summary view.","Finance Department",FALSE,2024-05-22T08:00:00Z,"sales_date:DATE, product_id:INT, quantity_sold:INT, revenue:NUMBER, region:VARCHAR","SELECT * FROM REPORTING_DB.SALES_VIEWS.vw_daily_sales LIMIT 100;","/sample_data/daily_sales.csv","[]",2024-05-22T08:00:00Z,2024-05-22T08:00:00Z
adls-supplier-feed,ADLS,supplier_feed.json,"datalake-bronze/product_feeds/supplier_feed.json",0,,"Supplier product feed in JSON format.","Supply Chain Team",FALSE,2024-05-20T16:00:00Z,"(schema of JSON file)","-- Read JSON file...","/sample_data/supplier_feed.csv","[]",2024-05-20T16:00:00Z,2024-05-20T16:00:00Z
